date,temperature,humidity,wind_speed
2021-09-28,5.4,66,4.39
2021-09-29,5.3,73,2.59
2021-09-30,6.2,85,2.77
2021-10-01,8.6,85,2.43
2021-10-02,8.2,85,2.4
2021-10-03,8.0,82,1.69
2021-10-04,5.8,72,2.72
2021-10-05,3.3,71,1.77
2021-10-06,2.7,79,1.98
2021-10-07,3.9,76,1.49
2021-10-08,5.6,77,2.51
2021-10-09,5.7,81,2.86
2021-10-10,6.6,81,2.63
2021-10-11,8.8,81,2.89
2021-10-12,8.9,77,3.04
2021-10-13,8.6,68,4.68
2021-10-14,8.7,52,5.96
2021-10-15,8.7,64,6.85
2021-10-16,7.3,65,4.84
2021-10-17,8.2,68,4.25
2021-10-18,7.7,78,2.35
2021-10-19,3.4,81,3.76
2021-10-20,1.1,85,3.71
2021-10-21,3.2,87,6.06
2021-10-22,10.2,81,6.15
2021-10-23,7.7,67,5.0
2021-10-24,4.4,80,3.6
2021-10-25,1.2,82,3.98
2021-10-26,0.9,75,4.58
2021-10-27,2.8,73,4.67
2021-10-28,5.4,85,5.01
2021-10-29,-0.4,74,3.67
2021-10-30,6.2,87,5.14
2021-10-31,7.2,87,4.52
2021-11-01,5.0,83,4.07
2021-11-02,4.2,83,3.59
2021-11-03,1.5,71,5.06
2021-11-04,0.5,68,6.79
2021-11-05,2.9,76,5.34
2021-11-06,5.9,85,8.06
2021-11-07,4.8,88,6.06
2021-11-08,3.7,87,5.65
2021-11-09,4.3,88,5.84
2021-11-10,-3.9,69,5.15
2021-11-11,-2.9,82,4.97
2021-11-12,0.1,88,4.61
2021-11-13,-0.8,90,3.98
2021-11-14,-3.7,82,3.15
2021-11-15,-5.3,83,3.07
2021-11-16,-4.2,85,6.11
2021-11-17,-0.8,92,3.91
2021-11-18,-1.3,93,3.39
2021-11-19,-2.7,87,5.88
2021-11-20,-1.1,93,5.83
2021-11-21,-0.8,91,5.97
2021-11-22,-2.8,87,6.27
2021-11-23,-6.2,84,6.22
2021-11-24,-10.3,87,4.01
2021-11-25,-3.5,86,5.95
2021-11-26,-1.0,86,6.51
2021-11-27,-1.0,89,5.86
2021-11-28,-1.7,91,6.8
2021-11-29,0.9,96,5.22
2021-11-30,2.0,92,9.18
2021-12-01,-0.8,88,3.96
2021-12-02,-3.7,79,4.14
2021-12-03,-1.2,86,4.25
2021-12-04,1.4,90,6.41
2021-12-05,-3.5,74,3.82
2021-12-06,-9.9,58,2.3
2021-12-07,-11.4,63,4.16
2021-12-08,-3.8,88,6.27
2021-12-09,-1.2,94,4.05
2021-12-10,-7.7,87,4.05
2021-12-11,-12.6,79,3.22
2021-12-12,-14.3,83,3.6
2021-12-13,-8.9,76,3.76
2021-12-14,-4.4,74,3.38
2021-12-15,-4.9,86,2.08
2021-12-16,-2.8,91,3.2
2021-12-17,-1.9,93,2.76
2021-12-18,-3.0,95,1.01
2021-12-19,-4.3,92,2.81
2021-12-20,-2.9,90,5.52
2021-12-21,-7.5,88,3.02
2021-12-22,-18.5,77,2.72
2021-12-23,-25.2,77,2.33
2021-12-24,-20.3,77,3.92
2021-12-25,-14.4,81,9.78
2021-12-26,-10.9,83,5.12
2021-12-27,-12.6,79,6.08
2021-12-28,-16.1,82,3.25
2021-12-29,-14.4,84,2.92
2021-12-30,-14.6,82,3.96
2021-12-31,-9.3,88,4.01
2022-01-01,-4.8,91,4.79
2022-01-02,-5.5,89,5.34
2022-01-03,-12.4,83,5.2
2022-01-04,-18.2,86,2.47
2022-01-05,-19.6,82,3.88
2022-01-06,-10.9,86,7.36
2022-01-07,-3.0,93,2.99
2022-01-08,-9.5,83,6.84
2022-01-09,-13.3,86,4.57
2022-01-10,-11.1,82,6.49
2022-01-11,-11.1,85,4.06
2022-01-12,-11.2,83,4.52
2022-01-13,-8.1,88,6.82
2022-01-14,-9.7,83,7.41
2022-01-15,-12.9,82,6.4
2022-01-16,-8.8,83,5.54
2022-01-17,-6.9,83,7.03
2022-01-18,-2.3,88,8.1
2022-01-19,-3.2,90,5.08
2022-01-20,-7.7,86,5.03
2022-01-21,-8.8,86,6.8
2022-01-22,-8.1,86,7.79
2022-01-23,-7.2,88,5.3
2022-01-24,-9.8,89,1.68
2022-01-25,-13.3,87,3.8
2022-01-26,-13.4,84,4.03
2022-01-27,-14.3,84,3.67
2022-01-28,-12.7,88,4.26
2022-01-29,-10.6,87,4.31
2022-01-30,-9.8,88,3.91
2022-01-31,-6.5,91,5.45
2022-02-01,-1.2,91,8.33
2022-02-02,-2.7,86,6.37
2022-02-03,-4.6,92,3.64
2022-02-04,-4.6,91,6.67
2022-02-05,-3.1,93,2.99
2022-02-06,-4.6,91,2.8
2022-02-07,-10.0,86,3.1
2022-02-08,-8.0,91,4.37
2022-02-09,-3.4,92,7.44
2022-02-10,-5.0,89,7.75
2022-02-11,-5.2,91,3.84
2022-02-12,-4.8,90,4.38
2022-02-13,-5.8,86,5.19
2022-02-14,-6.6,88,4.12
2022-02-15,-6.6,88,3.98
2022-02-16,-8.5,83,4.16
2022-02-17,-7.9,82,7.9
2022-02-18,-4.5,87,11.03
2022-02-19,-1.3,91,8.5
2022-02-20,0.1,89,7.75
2022-02-21,-1.4,84,5.58
2022-02-22,-1.3,90,7.68
2022-02-23,1.3,89,6.45
2022-02-24,-2.4,87,4.6
2022-02-25,-4.4,85,3.82
2022-02-26,-2.0,92,5.84
2022-02-27,-0.6,94,4.06
2022-02-28,-0.7,94,3.1
2022-03-01,-3.4,88,2.09
2022-03-02,-5.5,94,2.56
2022-03-03,-4.5,94,3.89
2022-03-04,-3.8,93,2.61
2022-03-05,-5.2,86,8.94
2022-03-06,-12.0,76,6.89
2022-03-07,-12.5,79,2.12
2022-03-08,-13.9,77,4.1
2022-03-09,-14.6,72,5.8
2022-03-10,-14.9,73,5.84
2022-03-11,-14.9,78,4.15
2022-03-12,-13.9,76,1.37
2022-03-13,-10.9,80,3.54
2022-03-14,-6.7,92,1.88
2022-03-15,-8.8,78,5.12
2022-03-16,-10.3,76,5.75
2022-03-17,-9.7,71,3.61
2022-03-18,-6.9,76,2.21
2022-03-19,-4.3,79,4.43
2022-03-20,-1.3,82,5.61
2022-03-21,0.2,77,7.75
2022-03-22,-1.2,80,5.24
2022-03-23,-0.3,85,4.31
2022-03-24,-0.1,80,4.47
2022-03-25,-1.0,80,4.71
2022-03-26,1.1,83,8.28
2022-03-27,0.7,88,5.53
2022-03-28,-5.3,71,6.66
2022-03-29,-3.0,83,7.25
2022-03-30,-3.4,80,3.92
2022-03-31,-2.1,84,2.5
2022-04-01,-0.8,89,5.68
2022-04-02,0.2,93,6.88
2022-04-03,4.3,89,9.0
2022-04-04,-0.8,90,5.2
2022-04-05,-1.4,80,5.77
2022-04-06,0.3,86,7.22
2022-04-07,-0.3,85,4.35
2022-04-08,4.1,80,4.95
2022-04-09,3.7,85,5.55
2022-04-10,2.6,94,3.53
2022-04-11,2.8,93,3.45
2022-04-12,2.5,87,3.06
2022-04-13,2.8,86,3.08
2022-04-14,4.1,78,4.4
2022-04-15,2.9,91,4.29
2022-04-16,0.7,75,2.7
2022-04-17,0.6,92,5.86
2022-04-18,1.7,91,2.74
2022-04-19,3.2,93,3.49
2022-04-20,5.6,75,4.23
2022-04-21,5.4,67,4.6
2022-04-22,3.8,60,3.14
2022-04-23,6.4,60,1.88
2022-04-24,8.6,63,2.22
2022-04-25,9.9,78,3.09
2022-04-26,13.6,73,5.58
2022-04-27,13.6,82,2.93
2022-04-28,6.2,72,4.96
2022-04-29,3.7,60,2.26
2022-04-30,4.8,70,4.04
2022-05-01,4.0,67,4.43
2022-05-02,6.9,59,4.42
2022-05-03,9.8,60,4.81
2022-05-04,10.3,70,4.86
2022-05-05,4.1,72,5.42
2022-05-06,5.5,60,4.05
2022-05-07,9.5,55,3.34
2022-05-08,10.8,51,3.64
2022-05-09,12.2,54,3.45
2022-05-10,10.3,76,3.95
2022-05-11,9.0,81,5.24
2022-05-12,8.3,76,3.2
2022-05-13,7.3,93,3.45
2022-05-14,11.6,69,4.83
2022-05-15,12.2,69,2.79
2022-05-16,12.1,74,3.24
2022-05-17,10.4,79,3.02
2022-05-18,9.1,83,4.68
2022-05-19,7.4,79,4.28
2022-05-20,6.3,79,3.6
2022-05-21,5.3,76,5.5
2022-05-22,4.8,69,3.31
2022-05-23,4.9,72,3.39
2022-05-24,6.4,78,3.42
2022-05-25,6.9,74,3.03
2022-05-26,9.1,68,4.37
2022-05-27,11.8,76,6.22
2022-05-28,11.9,83,5.7
2022-05-29,13.7,66,5.81
2022-05-30,13.8,68,4.27
2022-05-31,15.4,70,3.04
2022-06-01,18.0,67,1.62
2022-06-02,20.3,62,1.71
2022-06-03,21.0,71,2.51
2022-06-04,19.2,70,4.15
2022-06-05,17.0,68,2.25
2022-06-06,16.2,79,2.45
2022-06-07,13.9,83,7.2
2022-06-08,12.3,88,7.6
2022-06-09,16.2,71,4.62
2022-06-10,18.7,71,4.16
2022-06-11,17.7,68,4.23
2022-06-12,12.9,67,4.21
2022-06-13,15.9,69,2.45
2022-06-14,19.2,62,2.0
2022-06-15,21.6,64,3.57
2022-06-16,19.6,77,2.71
2022-06-17,18.3,74,2.17
2022-06-18,18.6,71,2.59
2022-06-19,17.6,69,3.92
2022-06-20,16.9,69,6.6
2022-06-21,16.1,67,4.99
2022-06-22,16.9,74,1.53
2022-06-23,17.4,74,3.23
2022-06-24,18.7,65,3.4
2022-06-25,20.0,61,4.24
2022-06-26,18.1,52,5.09
2022-06-27,20.4,68,4.95
2022-06-28,14.3,57,5.31
2022-06-29,15.0,57,4.28
2022-06-30,15.6,62,4.21
2022-07-01,13.5,64,5.16
2022-07-02,18.0,60,4.02
2022-07-03,19.0,64,3.65
2022-07-04,17.6,57,5.36
2022-07-05,17.0,60,2.67
2022-07-06,20.6,56,3.44
2022-07-07,24.0,58,1.74
2022-07-08,24.6,65,1.74
2022-07-09,23.5,73,2.31
2022-07-10,22.9,74,2.16
2022-07-11,24.8,65,2.66
2022-07-12,25.8,58,4.01
2022-07-13,25.4,64,3.93
2022-07-14,21.5,87,3.5
2022-07-15,19.7,81,5.43
2022-07-16,21.8,71,3.24
2022-07-17,22.1,79,2.22
2022-07-18,22.7,77,3.5
2022-07-19,19.3,78,5.74
2022-07-20,17.7,72,3.8
2022-07-21,18.7,77,2.02
2022-07-22,20.5,68,2.81
2022-07-23,21.7,72,1.92
2022-07-24,23.2,68,1.11
2022-07-25,23.9,68,1.15
2022-07-26,21.8,83,2.57
2022-07-27,21.0,72,3.32
2022-07-28,20.6,66,2.28
2022-07-29,21.2,65,2.81
2022-07-30,21.0,71,2.46
2022-07-31,20.8,76,2.49
2022-08-01,20.6,66,3.57
2022-08-02,20.6,69,2.97
2022-08-03,21.2,65,2.14
2022-08-04,21.9,65,2.03
2022-08-05,22.9,64,2.16
2022-08-06,23.3,63,1.87
2022-08-07,23.8,65,1.39
2022-08-08,25.2,61,0.84
2022-08-09,24.6,62,1.47
2022-08-10,22.1,75,2.05
2022-08-11,20.5,64,2.53
2022-08-12,20.9,63,3.07
2022-08-13,21.5,65,3.08
2022-08-14,19.9,60,2.43
2022-08-15,21.2,68,1.6
2022-08-16,20.7,64,2.11
2022-08-17,21.1,61,2.73
2022-08-18,20.5,54,3.65
2022-08-19,18.5,48,4.82
2022-08-20,18.4,57,2.37
2022-08-21,20.4,60,2.44
2022-08-22,22.3,63,2.24
2022-08-23,22.8,62,1.65
2022-08-24,23.3,62,1.33
2022-08-25,24.7,56,1.27
2022-08-26,24.6,58,1.62
2022-08-27,22.7,62,1.68
2022-08-28,23.0,63,1.96
2022-08-29,24.8,59,2.9
2022-08-30,24.5,51,5.22
2022-08-31,23.6,60,3.34
2022-09-01,20.3,60,4.11
2022-09-02,15.4,57,4.84
2022-09-03,11.5,64,5.28
2022-09-04,11.5,67,2.72
2022-09-05,10.7,68,2.71
2022-09-06,9.0,82,2.2
2022-09-07,9.6,80,3.64
2022-09-08,9.1,85,2.36
2022-09-09,8.4,81,4.03
2022-09-10,8.2,80,3.54
2022-09-11,8.8,79,3.04
2022-09-12,9.3,78,1.44
2022-09-13,10.6,70,2.94
2022-09-14,12.2,68,5.12
2022-09-15,12.0,83,5.19
2022-09-16,11.6,87,2.23
2022-09-17,12.6,90,3.66
2022-09-18,12.9,83,3.06
2022-09-19,18.3,85,7.1
2022-09-20,13.9,73,4.16
2022-09-21,13.5,83,2.26
2022-09-22,14.6,90,2.02
2022-09-23,16.1,73,3.02
2022-09-24,16.5,66,4.67
2022-09-25,10.6,86,2.26
2022-09-26,9.6,87,3.0
2022-09-27,7.9,89,2.86
2022-09-28,5.2,83,7.66
2022-09-29,9.2,92,5.55
2022-09-30,9.3,86,3.36
2022-10-01,10.8,83,4.76
2022-10-02,13.0,88,6.45
2022-10-03,14.1,65,7.1
2022-10-04,11.2,58,6.16
2022-10-05,9.5,78,6.1
2022-10-06,8.8,89,3.83
2022-10-07,7.9,89,4.42
2022-10-08,9.6,83,4.34
2022-10-09,10.5,80,4.39
2022-10-10,10.1,88,2.65
2022-10-11,10.3,89,3.54
2022-10-12,8.8,90,2.33
2022-10-13,7.8,95,3.67
2022-10-14,6.0,91,5.64
2022-10-15,4.3,83,3.91
2022-10-16,4.8,86,2.41
2022-10-17,6.2,77,4.32
2022-10-18,7.5,85,5.54
2022-10-19,6.3,88,2.99
2022-10-20,4.1,85,2.02
2022-10-21,2.9,78,3.82
2022-10-22,-0.6,81,2.61
2022-10-23,3.2,76,4.04
2022-10-24,4.7,87,6.3
2022-10-25,1.8,84,4.17
2022-10-26,-0.2,74,2.12
2022-10-27,0.5,79,4.12
2022-10-28,0.7,86,2.8
2022-10-29,1.5,90,3.93
2022-10-30,4.3,95,5.79
2022-10-31,1.8,85,5.21
2022-11-01,1.0,83,4.03
2022-11-02,1.3,89,6.16
2022-11-03,2.1,94,4.97
2022-11-04,1.8,89,2.59
2022-11-05,1.0,87,2.84
2022-11-06,-0.5,84,3.76
2022-11-07,-0.8,81,3.92
2022-11-08,1.5,87,3.65
2022-11-09,3.6,90,4.52
2022-11-10,5.5,93,4.61
2022-11-11,5.4,91,5.73
2022-11-12,6.2,92,6.52
2022-11-13,4.9,91,9.48
2022-11-14,-1.5,69,9.12
2022-11-15,-4.7,60,5.46
2022-11-16,-5.8,60,1.3
2022-11-17,-4.6,73,5.31
2022-11-18,-3.2,82,6.8
2022-11-19,-5.3,83,5.5
2022-11-20,-8.2,84,2.88
2022-11-21,-5.5,87,1.37
2022-11-22,-5.1,88,2.68
2022-11-23,-3.8,91,5.63
2022-11-24,-3.6,91,3.57
2022-11-25,-5.6,90,1.8
2022-11-26,-3.0,94,2.13
2022-11-27,-7.3,88,3.75
2022-11-28,-9.8,88,2.77
2022-11-29,-9.2,88,1.45
2022-11-30,-9.1,86,2.14
2022-12-01,-8.6,87,2.55
2022-12-02,-10.7,85,2.92
2022-12-03,-19.1,85,1.92
2022-12-04,-19.7,83,1.95
2022-12-05,-12.3,86,3.1
2022-12-06,-14.0,86,2.15
2022-12-07,-12.2,85,3.38
2022-12-08,-15.3,83,4.43
2022-12-09,-10.2,82,5.98
2022-12-10,-6.5,84,7.41
2022-12-11,-2.3,89,8.68
2022-12-12,-4.7,76,7.95
2022-12-13,-9.6,72,8.11
2022-12-14,-7.6,75,9.27
2022-12-15,-5.8,89,4.01
2022-12-16,-7.1,90,6.62
2022-12-17,-5.1,91,4.22
2022-12-18,-0.1,92,7.73
2022-12-19,-7.5,83,7.05
2022-12-20,-11.1,85,2.87
2022-12-21,-11.0,88,2.96
2022-12-22,-5.4,88,7.87
2022-12-23,0.7,93,5.62
2022-12-24,1.4,92,8.55
2022-12-25,0.1,95,5.84
2022-12-26,-4.0,87,3.3
2022-12-27,-9.0,86,3.87
2022-12-28,-11.8,86,5.68
2022-12-29,-8.3,88,5.19
2022-12-30,-7.8,92,3.78
2022-12-31,-5.3,91,7.0
2023-01-01,-3.1,94,4.99
2023-01-02,-0.3,91,7.61
2023-01-03,-2.7,87,6.04
2023-01-04,-8.1,87,4.37
2023-01-05,-9.7,87,4.29
2023-01-06,-21.7,76,5.61
2023-01-07,-28.3,72,5.1
2023-01-08,-26.1,74,4.86
2023-01-09,-30.5,72,3.47
2023-01-10,-29.0,73,2.31
2023-01-11,-23.9,76,4.75
2023-01-12,-14.0,68,6.14
2023-01-13,-12.9,75,7.59
2023-01-14,-11.9,80,7.09
2023-01-15,-14.0,74,6.12
2023-01-16,-14.3,77,6.75
2023-01-17,-12.9,78,6.97
2023-01-18,-10.6,83,6.65
2023-01-19,-11.3,78,7.52
2023-01-20,-10.4,79,8.09
2023-01-21,-11.0,79,5.99
2023-01-22,-11.6,78,3.97
2023-01-23,-12.6,83,1.89
2023-01-24,-14.8,88,2.77
2023-01-25,-7.9,88,3.93
2023-01-26,-3.7,87,6.69
2023-01-27,-4.9,86,6.56
2023-01-28,-4.2,91,3.07
2023-01-29,-5.9,88,4.68
2023-01-30,-5.2,89,5.53
2023-01-31,-0.9,89,7.28
2023-02-01,-3.8,86,7.32
2023-02-02,-9.6,85,5.13
2023-02-03,-6.0,92,4.62
2023-02-04,-6.3,90,2.2
2023-02-05,-8.4,88,1.83
2023-02-06,-8.8,88,2.55
2023-02-07,-12.9,85,3.01
2023-02-08,-12.1,87,4.86
2023-02-09,-6.1,89,3.46
2023-02-10,-5.8,88,6.12
2023-02-11,-4.9,85,6.54
2023-02-12,-6.9,88,7.79
2023-02-13,-6.4,89,4.76
2023-02-14,-5.7,87,5.88
2023-02-15,-8.3,85,4.22
2023-02-16,-8.2,86,5.61
2023-02-17,-8.0,85,4.64
2023-02-18,-11.1,85,3.42
2023-02-19,-14.3,83,4.96
2023-02-20,-17.0,80,4.42
2023-02-21,-12.6,86,3.08
2023-02-22,-11.7,82,6.43
2023-02-23,-14.0,78,7.3
2023-02-24,-12.8,81,5.87
2023-02-25,-6.0,85,6.16
2023-02-26,-0.5,92,8.57
2023-02-27,-0.6,85,8.33
2023-02-28,-3.7,83,8.42
2023-03-01,-4.9,82,7.33
2023-03-02,-6.6,78,6.49
2023-03-03,-6.4,85,4.39
2023-03-04,-3.5,91,4.05
2023-03-05,-1.9,87,6.25
2023-03-06,-2.9,87,5.79
2023-03-07,-4.0,84,5.44
2023-03-08,-5.3,86,5.42
2023-03-09,1.0,90,7.28
2023-03-10,1.9,90,8.84
2023-03-11,-4.1,77,3.73
2023-03-12,0.4,83,11.27
2023-03-13,0.5,80,8.48
2023-03-14,-2.9,79,6.34
2023-03-15,1.3,73,7.23
2023-03-16,1.1,81,6.55
2023-03-17,1.8,85,4.93
2023-03-18,-1.4,79,7.24
2023-03-19,-2.9,79,4.95
2023-03-20,0.4,92,4.58
2023-03-21,2.3,88,5.43
2023-03-22,0.9,87,5.69
2023-03-23,0.7,81,4.97
2023-03-24,4.8,80,7.21
2023-03-25,4.5,89,5.16
2023-03-26,6.4,90,4.19
2023-03-27,5.8,89,3.56
2023-03-28,2.9,85,3.0
2023-03-29,1.8,78,4.42
2023-03-30,4.9,65,5.86
2023-03-31,4.6,74,5.46
2023-04-01,3.1,76,5.33
2023-04-02,5.9,77,3.17
2023-04-03,6.9,72,2.68
2023-04-04,7.7,70,2.93
2023-04-05,9.3,70,2.02
2023-04-06,6.0,63,5.26
2023-04-07,2.7,53,4.84
2023-04-08,2.4,56,2.59
2023-04-09,3.7,58,1.65
2023-04-10,5.4,61,2.78
2023-04-11,4.5,64,2.02
2023-04-12,7.8,60,2.34
2023-04-13,8.5,56,4.3
2023-04-14,0.7,43,8.81
2023-04-15,0.8,40,4.82
2023-04-16,3.3,55,3.82
2023-04-17,6.4,59,3.0
2023-04-18,9.8,48,2.98
2023-04-19,9.3,60,2.46
2023-04-20,9.0,68,2.33
2023-04-21,9.7,63,1.8
2023-04-22,9.8,66,2.11
2023-04-23,10.8,59,3.0
2023-04-24,13.1,51,3.47
2023-04-25,13.4,60,3.27
2023-04-26,13.5,74,6.84
2023-04-27,14.1,67,5.25
2023-04-28,14.3,71,2.09
2023-04-29,16.4,60,4.15
2023-04-30,14.3,71,5.27
2023-05-01,20.3,53,6.56
2023-05-02,11.8,87,3.51
2023-05-03,12.7,76,2.6
2023-05-04,14.5,68,3.01
2023-05-05,14.4,74,3.0
2023-05-06,8.0,82,4.08
2023-05-07,4.6,62,5.18
2023-05-08,4.8,64,3.2
2023-05-09,6.2,65,2.89
2023-05-10,9.5,59,2.66
2023-05-11,12.2,56,2.57
2023-05-12,13.0,54,4.35
2023-05-13,13.7,63,2.56
2023-05-14,11.9,75,3.92
2023-05-15,12.7,61,3.51
2023-05-16,15.2,59,2.63
2023-05-17,17.4,52,3.13
2023-05-18,17.6,52,2.94
2023-05-19,15.6,53,2.88
2023-05-20,15.9,61,2.16
2023-05-21,18.5,57,1.99
2023-05-22,19.7,43,2.26
2023-05-23,21.1,39,3.18
2023-05-24,22.7,38,5.13
2023-05-25,23.9,42,4.9
2023-05-26,23.0,43,5.54
2023-05-27,22.3,61,5.79
2023-05-28,21.0,71,5.11
2023-05-29,16.3,70,4.71
2023-05-30,18.4,66,3.25
2023-05-31,19.3,79,3.45
2023-06-01,17.1,70,3.51
2023-06-02,16.9,72,3.15
2023-06-03,19.3,63,3.18
2023-06-04,16.1,67,4.41
2023-06-05,14.1,56,1.61
2023-06-06,15.0,63,2.57
2023-06-07,15.7,66,3.5
2023-06-08,15.2,63,4.82
2023-06-09,16.6,66,2.66
2023-06-10,13.8,69,3.82
2023-06-11,11.5,56,3.56
2023-06-12,13.1,52,4.24
2023-06-13,15.4,45,3.93
2023-06-14,17.3,47,1.98
2023-06-15,19.9,46,2.71
2023-06-16,21.3,48,2.08
2023-06-17,18.4,46,5.16
2023-06-18,13.8,45,5.68
2023-06-19,12.2,53,4.25
2023-06-20,12.5,60,3.53
2023-06-21,11.5,59,4.47
2023-06-22,12.3,66,2.73
2023-06-23,14.2,68,1.49
2023-06-24,15.9,63,1.99
2023-06-25,17.0,61,3.71
2023-06-26,17.3,51,4.0
2023-06-27,18.5,57,2.4
2023-06-28,21.1,54,1.65
2023-06-29,20.8,56,3.28
2023-06-30,22.7,54,4.17
2023-07-01,20.1,71,3.79
2023-07-02,20.0,71,2.35
2023-07-03,22.4,68,3.06
2023-07-04,22.8,59,2.76
2023-07-05,23.5,52,1.59
2023-07-06,24.6,58,3.0
2023-07-07,23.5,53,1.43
2023-07-08,26.7,55,3.08
2023-07-09,25.4,63,2.95
2023-07-10,26.9,61,4.39
2023-07-11,24.3,71,5.2
2023-07-12,15.1,79,5.81
2023-07-13,16.9,65,3.04
2023-07-14,17.3,71,1.6
2023-07-15,18.8,69,3.21
2023-07-16,17.9,70,4.49
2023-07-17,20.5,60,5.09
2023-07-18,21.5,62,3.98
2023-07-19,20.8,70,3.69
2023-07-20,18.9,64,6.59
2023-07-21,19.7,63,4.58
2023-07-22,18.7,71,3.85
2023-07-23,19.1,68,2.78
2023-07-24,18.8,76,2.47
2023-07-25,20.1,71,3.11
2023-07-26,21.7,76,2.52
2023-07-27,24.5,65,4.56
2023-07-28,25.8,67,2.89
2023-07-29,27.0,61,5.31
2023-07-30,23.6,70,4.49
2023-07-31,19.7,78,2.61
2023-08-01,20.3,78,3.42
2023-08-02,21.1,79,2.24
2023-08-03,22.7,73,1.24
2023-08-04,23.9,70,1.53
2023-08-05,25.2,67,3.07
2023-08-06,23.6,62,3.42
2023-08-07,22.8,56,3.56
2023-08-08,22.8,57,3.51
2023-08-09,22.7,60,2.64
2023-08-10,24.0,63,1.6
2023-08-11,24.0,60,2.35
2023-08-12,22.2,56,2.81
2023-08-13,23.0,54,3.06
2023-08-14,22.4,67,3.61
2023-08-15,22.0,71,2.85
2023-08-16,20.5,81,3.39
2023-08-17,23.8,69,2.82
2023-08-18,24.6,63,1.99
2023-08-19,21.4,66,4.03
2023-08-20,17.2,69,1.58
2023-08-21,16.4,71,3.32
2023-08-22,15.0,66,1.74
2023-08-23,15.3,66,2.73
2023-08-24,14.1,55,2.32
2023-08-25,13.4,64,3.37
2023-08-26,13.1,71,3.64
2023-08-27,11.8,81,3.94
2023-08-28,10.3,73,7.37
2023-08-29,13.5,65,5.54
2023-08-30,13.7,65,4.03
2023-08-31,15.3,64,4.39
2023-09-01,16.5,65,3.67
2023-09-02,16.3,66,2.46
2023-09-03,16.1,66,1.54
2023-09-04,17.8,62,1.21
2023-09-05,17.6,76,1.97
2023-09-06,17.6,71,2.32
2023-09-07,12.3,75,6.14
2023-09-08,9.8,73,2.25
2023-09-09,14.7,63,5.1
2023-09-10,15.4,58,4.87
2023-09-11,13.7,66,4.4
2023-09-12,13.5,71,3.31
2023-09-13,15.3,67,1.79
2023-09-14,15.4,67,1.34
2023-09-15,15.0,68,1.49
2023-09-16,15.0,70,1.96
2023-09-17,13.8,76,2.69
2023-09-18,13.5,76,2.8
2023-09-19,11.7,73,2.81
2023-09-20,13.7,69,3.99
2023-09-21,17.7,60,4.67
2023-09-22,16.9,73,2.47
2023-09-23,17.7,74,1.68
2023-09-24,17.4,65,2.12
2023-09-25,16.4,67,3.81
2023-09-26,13.7,79,2.11
2023-09-27,13.0,74,3.23
2023-09-28,13.7,66,2.92
2023-09-29,13.7,73,4.22
2023-09-30,11.7,73,2.02
2023-10-01,15.1,66,4.61
2023-10-02,13.7,83,2.16
2023-10-03,11.9,82,2.3
2023-10-04,11.9,72,4.94
2023-10-05,13.0,69,3.69
2023-10-06,11.3,75,2.79
2023-10-07,9.9,80,4.31
2023-10-08,6.4,79,7.39
2023-10-09,3.9,80,5.03
2023-10-10,3.9,88,4.39
2023-10-11,3.8,84,4.51
2023-10-12,4.8,74,7.72
2023-10-13,9.4,79,7.24
2023-10-14,8.5,67,5.22
2023-10-15,12.0,75,5.78
2023-10-16,12.5,65,6.91
2023-10-17,8.1,69,10.54
2023-10-18,4.4,75,6.88
2023-10-19,4.6,87,3.69
2023-10-20,4.5,87,1.5
2023-10-21,2.4,80,5.68
2023-10-22,0.2,77,4.73
2023-10-23,1.8,90,3.2
2023-10-24,1.6,88,4.85
2023-10-25,-1.4,67,4.25
2023-10-26,-1.2,75,2.29
2023-10-27,-1.8,71,4.84
2023-10-28,-0.9,84,5.25
2023-10-29,0.6,95,5.15
2023-10-30,-0.5,86,5.42
2023-10-31,2.1,96,3.19
2023-11-01,4.7,93,4.23
2023-11-02,7.8,90,5.79
2023-11-03,5.2,81,5.29
2023-11-04,-0.1,85,2.2
2023-11-05,1.1,87,4.97
2023-11-06,4.9,90,7.23
2023-11-07,6.0,94,4.73
2023-11-08,5.9,92,4.02
2023-11-09,4.8,95,3.27
2023-11-10,4.4,93,6.64
2023-11-11,0.7,87,3.76
2023-11-12,2.1,89,5.39
2023-11-13,5.0,87,8.33
2023-11-14,4.4,88,4.83
2023-11-15,2.3,84,3.33
2023-11-16,0.2,87,2.39
2023-11-17,-1.5,75,3.7
2023-11-18,-5.5,69,3.83
2023-11-19,-6.1,80,2.68
2023-11-20,-5.2,79,4.46
2023-11-21,-3.1,91,4.75
2023-11-22,-6.9,85,7.45
2023-11-23,-10.3,78,6.12
2023-11-24,-10.2,85,5.53
2023-11-25,-1.9,90,3.59
2023-11-26,-0.1,94,4.49
2023-11-27,0.5,86,5.89
2023-11-28,-3.3,91,2.73
2023-11-29,-8.3,86,2.24
2023-11-30,-8.0,88,4.54
2023-12-01,-5.1,92,3.33
2023-12-02,-5.6,90,5.39
2023-12-03,-11.3,89,3.57
2023-12-04,-4.5,87,8.04
2023-12-05,-10.8,82,5.85
2023-12-06,-14.9,82,3.35
2023-12-07,-24.4,82,2.31
2023-12-08,-28.3,78,2.62
2023-12-09,-27.8,75,3.09
2023-12-10,-25.6,76,4.1
2023-12-11,-21.9,72,6.03
2023-12-12,-19.1,71,8.9
2023-12-13,-17.5,70,7.85
2023-12-14,-12.1,75,5.75
2023-12-15,-12.6,72,6.78
2023-12-16,-11.3,81,5.87
2023-12-17,-9.3,85,5.15
2023-12-18,-2.2,89,6.65
2023-12-19,-1.9,90,5.94
2023-12-20,1.4,91,8.11
2023-12-21,1.8,92,6.67
2023-12-22,0.9,96,6.5
2023-12-23,-1.1,94,5.31
2023-12-24,-2.5,94,3.6
2023-12-25,-2.8,92,6.04
2023-12-26,-4.6,89,4.15
2023-12-27,-5.2,92,3.08
2023-12-28,-8.3,90,5.68
2023-12-29,-7.1,85,6.79
2023-12-30,-8.0,90,4.01
2023-12-31,-3.1,94,4.35
2024-01-01,-16.5,77,6.84
2024-01-02,-27.1,77,2.92
2024-01-03,-19.4,76,6.7
2024-01-04,-17.9,75,5.22
2024-01-05,-18.7,78,2.21
2024-01-06,-21.3,82,1.8
2024-01-07,-24.6,77,4.16
2024-01-08,-21.8,79,4.91
2024-01-09,-17.5,81,4.76
2024-01-10,-23.7,85,4.04
2024-01-11,-16.8,80,7.5
2024-01-12,-16.2,80,5.99
2024-01-13,-21.9,74,6.11
2024-01-14,-17.6,75,6.97
2024-01-15,-13.7,76,8.94
2024-01-16,-4.9,89,12.09
2024-01-17,-5.3,84,11.23
2024-01-18,-15.8,83,5.1
2024-01-19,-7.2,84,11.45
2024-01-20,-1.1,94,7.77
2024-01-21,-6.7,87,7.63
2024-01-22,-16.0,82,4.79
2024-01-23,-14.9,75,5.66
2024-01-24,-9.3,80,5.45
2024-01-25,-6.5,89,4.0
2024-01-26,-9.6,87,5.44
2024-01-27,-7.5,85,5.88
2024-01-28,-7.1,87,1.72
2024-01-29,-5.3,90,4.01
2024-01-30,-3.0,89,6.36
2024-01-31,-6.5,89,5.33
2024-02-01,-6.5,94,4.53
2024-02-02,-3.6,93,5.81
2024-02-03,-6.6,91,4.39
2024-02-04,-6.6,90,6.02
2024-02-05,-4.6,85,6.41
2024-02-06,-3.4,92,5.64
2024-02-07,-12.3,80,7.31
2024-02-08,-12.3,83,6.1
2024-02-09,-16.0,77,7.24
2024-02-10,-18.0,83,3.66
2024-02-11,-18.1,83,3.18
2024-02-12,-15.3,79,6.19
2024-02-13,-10.8,84,4.72
2024-02-14,-22.2,78,4.39
2024-02-15,-26.2,74,4.25
2024-02-16,-20.9,71,5.59
2024-02-17,-14.6,77,5.88
2024-02-18,-9.0,79,9.15
2024-02-19,-6.0,87,4.54
2024-02-20,-8.4,92,2.85
2024-02-21,-10.8,86,4.38
2024-02-22,-13.9,83,5.01
2024-02-23,-15.4,81,5.59
2024-02-24,-13.6,76,5.26
2024-02-25,-11.3,71,5.34
2024-02-26,-10.5,70,4.93
2024-02-27,-9.6,69,5.15
2024-02-28,-9.4,68,4.91
2024-02-29,-5.3,72,5.11
2024-03-01,-4.5,83,3.63
2024-03-02,-6.4,93,1.74
2024-03-03,-6.6,95,2.8
2024-03-04,-4.8,85,4.48
2024-03-05,-4.5,83,4.12
2024-03-06,-8.7,78,3.29
2024-03-07,-6.4,76,4.52
2024-03-08,-5.5,85,4.9
2024-03-09,-5.3,89,3.04
2024-03-10,-8.9,82,3.09
2024-03-11,-12.1,83,3.44
2024-03-12,-3.7,86,4.71
2024-03-13,-4.1,84,3.99
2024-03-14,-2.6,80,6.64
2024-03-15,-1.7,77,6.77
2024-03-16,-3.0,80,5.46
2024-03-17,-4.3,84,4.46
2024-03-18,-5.0,85,3.12
2024-03-19,-3.3,85,4.23
2024-03-20,-5.3,75,1.33
2024-03-21,-3.1,77,1.67
2024-03-22,-2.0,81,2.66
2024-03-23,-0.6,77,6.21
2024-03-24,1.6,91,5.67
2024-03-25,1.9,88,6.05
2024-03-26,0.8,91,4.99
2024-03-27,-0.1,91,12.24
2024-03-28,-1.3,77,8.53
2024-03-29,-2.9,78,3.39
2024-03-30,2.1,87,5.61
2024-03-31,1.5,92,3.76
2024-04-01,0.6,91,4.46
2024-04-02,4.0,87,6.32
2024-04-03,4.6,82,8.15
2024-04-04,4.3,82,6.57
2024-04-05,1.7,86,4.51
2024-04-06,-0.8,73,4.49
2024-04-07,1.6,86,2.32
2024-04-08,3.4,91,2.87
2024-04-09,7.3,82,3.15
2024-04-10,8.9,76,2.56
2024-04-11,9.5,76,4.41
2024-04-12,9.4,67,4.02
2024-04-13,6.3,69,4.95
2024-04-14,4.6,61,2.26
2024-04-15,6.1,80,6.82
2024-04-16,6.5,73,4.92
2024-04-17,10.9,70,5.1
2024-04-18,12.6,84,2.93
2024-04-19,16.3,65,6.51
2024-04-20,13.3,61,3.32
2024-04-21,13.0,52,5.22
2024-04-22,16.8,59,4.11
2024-04-23,15.4,80,3.41
2024-04-24,11.7,72,4.52
2024-04-25,12.3,61,2.89
2024-04-26,13.4,75,5.4
2024-04-27,18.5,65,5.39
2024-04-28,14.5,69,4.82
2024-04-29,10.6,62,3.88
2024-04-30,13.8,60,4.52
2024-05-01,11.3,65,6.94
2024-05-02,5.9,61,4.21
2024-05-03,1.8,70,6.4
2024-05-04,2.3,58,4.06
2024-05-05,5.9,65,4.6
2024-05-06,5.8,77,5.73
2024-05-07,4.3,89,3.87
2024-05-08,6.4,75,7.53
2024-05-09,2.5,62,5.98
2024-05-10,4.8,55,7.84
2024-05-11,7.6,77,3.65
2024-05-12,4.7,65,4.35
2024-05-13,4.9,63,3.54
2024-05-14,4.4,62,2.72
2024-05-15,6.6,64,1.98
2024-05-16,11.1,54,2.79
2024-05-17,10.9,75,3.22
2024-05-18,10.7,62,4.29
2024-05-19,11.9,57,2.28
2024-05-20,15.0,57,2.3
2024-05-21,15.7,67,3.34
2024-05-22,12.6,50,3.39
2024-05-23,7.9,52,4.61
2024-05-24,11.5,53,4.02
2024-05-25,17.7,51,6.49
2024-05-26,13.5,57,4.79
2024-05-27,10.8,55,1.88
2024-05-28,16.2,54,4.0
2024-05-29,20.4,54,4.17
2024-05-30,18.4,69,2.83
2024-05-31,19.5,65,2.48
2024-06-01,21.3,63,2.47
2024-06-02,22.9,55,2.45
2024-06-03,22.6,64,2.69
2024-06-04,21.9,72,2.33
2024-06-05,20.8,73,3.67
2024-06-06,21.9,71,3.6
2024-06-07,21.9,73,2.1
2024-06-08,19.1,81,3.27
2024-06-09,19.2,73,2.42
2024-06-10,22.1,61,2.83
2024-06-11,24.6,60,3.83
2024-06-12,26.6,52,4.58
2024-06-13,26.2,55,4.53
2024-06-14,25.8,61,4.27
2024-06-15,24.2,72,2.23
2024-06-16,23.4,73,2.8
2024-06-17,24.9,60,4.91
2024-06-18,24.5,72,3.63
2024-06-19,21.9,81,5.23
2024-06-20,22.3,65,4.61
2024-06-21,22.2,70,4.07
2024-06-22,19.1,63,3.68
2024-06-23,16.1,78,5.21
2024-06-24,14.7,63,6.81
2024-06-25,14.4,59,5.52
2024-06-26,17.3,60,3.8
2024-06-27,15.9,69,3.93
2024-06-28,18.5,64,5.76
2024-06-29,17.8,56,4.94
2024-06-30,19.4,58,2.71
2024-07-01,22.9,64,3.55
2024-07-02,23.9,61,1.72
2024-07-03,26.3,59,2.74
2024-07-04,28.0,58,2.51
2024-07-05,28.7,58,3.36
2024-07-06,28.1,60,4.22
2024-07-07,22.8,58,5.8
2024-07-08,21.7,53,4.0
2024-07-09,23.5,57,2.99
2024-07-10,24.9,56,3.53
2024-07-11,21.6,55,6.0
2024-07-12,18.6,58,6.49
2024-07-13,17.6,57,4.47
2024-07-14,20.4,56,2.37
2024-07-15,22.1,54,2.77
2024-07-16,21.3,58,2.85
2024-07-17,22.0,59,1.93
2024-07-18,21.8,70,3.45
2024-07-19,22.5,60,1.95
2024-07-20,21.6,73,1.64
2024-07-21,20.1,85,1.34
2024-07-22,17.6,78,4.75
2024-07-23,17.3,69,3.54
2024-07-24,18.3,66,3.16
2024-07-25,16.7,67,5.02
2024-07-26,16.6,63,4.77
2024-07-27,17.1,70,4.42
2024-07-28,16.9,69,4.11
2024-07-29,19.5,62,2.75
2024-07-30,19.1,79,2.2
2024-07-31,18.1,84,2.29
2024-08-01,18.0,83,2.89
2024-08-02,17.5,81,3.22
2024-08-03,17.9,85,3.36
2024-08-04,20.2,77,3.68
2024-08-05,19.9,79,2.55
2024-08-06,20.5,76,2.01
2024-08-07,19.7,82,1.8
2024-08-08,19.6,81,1.84
2024-08-09,19.7,77,4.24
2024-08-10,17.6,85,4.06
2024-08-11,17.6,79,2.77
2024-08-12,15.6,89,4.98
2024-08-13,15.9,81,5.1
2024-08-14,15.1,83,3.55
2024-08-15,14.5,78,4.82
2024-08-16,14.2,80,5.8
2024-08-17,16.3,77,4.55
2024-08-18,18.1,79,4.31
2024-08-19,18.2,78,3.41
2024-08-20,18.6,80,2.87
2024-08-21,17.0,73,4.52
2024-08-22,16.3,74,3.32
2024-08-23,16.5,76,1.67
2024-08-24,18.9,79,3.04
2024-08-25,18.8,80,4.19
2024-08-26,20.1,75,1.82
2024-08-27,20.7,77,1.86
2024-08-28,22.3,72,3.2
2024-08-29,18.6,71,2.28
2024-08-30,17.7,72,2.47
2024-08-31,16.0,74,2.12
2024-09-01,15.3,75,2.24
2024-09-02,17.2,74,2.01
2024-09-03,18.3,73,3.83
2024-09-04,14.1,61,4.11
2024-09-05,13.2,74,2.47
2024-09-06,15.2,73,2.57
2024-09-07,18.2,74,2.88
2024-09-08,20.0,73,1.98
2024-09-09,19.6,78,1.48
2024-09-10,20.4,71,2.89
2024-09-11,21.4,63,3.59
2024-09-12,21.4,64,3.0
2024-09-13,18.9,66,2.76
2024-09-14,17.6,69,1.58
2024-09-15,17.5,74,2.26
2024-09-16,17.9,68,2.76
2024-09-17,17.6,72,1.81
2024-09-18,18.1,73,1.37
2024-09-19,16.1,74,3.71
2024-09-20,13.8,70,4.33
2024-09-21,15.3,71,4.35
2024-09-22,11.2,61,5.75
2024-09-23,8.7,69,3.9
2024-09-24,10.2,66,1.56
2024-09-25,11.1,67,2.38
2024-09-26,13.1,57,3.5
2024-09-27,14.4,47,5.02
2024-09-28,16.2,34,7.6
2024-09-29,16.9,30,6.66
2024-09-30,16.3,45,4.41
2024-10-01,12.9,63,4.14
2024-10-02,10.4,55,3.25
2024-10-03,10.9,63,3.4
2024-10-04,11.3,65,3.23
2024-10-05,11.7,73,3.74
2024-10-06,9.9,69,2.2
2024-10-07,11.8,75,4.96
2024-10-08,15.0,61,3.68
2024-10-09,9.1,80,4.44
2024-10-10,4.3,68,5.47
2024-10-11,1.2,64,4.4
2024-10-12,0.1,67,3.94
2024-10-13,1.4,74,2.87
2024-10-14,2.3,68,3.31
2024-10-15,4.2,59,5.08
2024-10-16,4.4,74,2.92
2024-10-17,3.4,89,1.41
2024-10-18,2.5,86,3.28
2024-10-19,2.8,82,3.32
2024-10-20,3.1,85,2.48
2024-10-21,6.4,84,3.1
2024-10-22,6.5,83,4.21
2024-10-23,7.4,86,4.16
2024-10-24,6.5,90,5.62
2024-10-25,4.8,82,3.52
2024-10-26,4.0,84,3.56
2024-10-27,2.4,92,1.83
2024-10-28,3.0,87,0.95
2024-10-29,4.0,90,3.78
2024-10-30,4.8,91,3.32
2024-10-31,2.3,90,6.47
2024-11-01,0.9,85,5.99
2024-11-02,1.7,84,8.05
2024-11-03,-1.8,69,6.97
2024-11-04,-1.5,76,2.89
2024-11-05,-3.4,77,3.0
2024-11-06,-3.3,70,3.99
2024-11-07,-1.6,80,3.91
2024-11-08,0.4,89,2.88
2024-11-09,2.3,89,7.44
2024-11-10,2.0,81,5.27
2024-11-11,-1.7,85,2.52
2024-11-12,-0.9,79,4.23
2024-11-13,-0.7,81,3.58
2024-11-14,0.4,85,3.82
2024-11-15,-0.4,85,4.04
2024-11-16,0.5,85,4.87
2024-11-17,1.8,89,4.93
2024-11-18,2.7,87,5.18
2024-11-19,2.1,91,4.41
2024-11-20,0.8,89,3.73
2024-11-21,1.3,87,6.39
2024-11-22,2.6,84,7.66
2024-11-23,1.8,90,5.89
2024-11-24,2.5,76,6.08
2024-11-25,-0.0,90,1.25
2024-11-26,-2.0,86,0.66
2024-11-27,-3.8,91,0.8
2024-11-28,-2.4,85,1.04
2024-11-29,-2.3,90,3.51
2024-11-30,-0.4,90,4.34
2024-12-01,-0.2,89,3.89
2024-12-02,0.6,94,3.21
2024-12-03,-0.2,89,3.35
2024-12-04,-1.1,87,4.23
2024-12-05,-3.0,74,3.93
2024-12-06,-5.4,81,1.12
2024-12-07,-7.1,81,2.59
2024-12-08,-6.8,78,3.97
2024-12-09,-4.3,82,3.44
2024-12-10,-2.9,91,3.51
2024-12-11,-2.7,92,5.09
2024-12-12,-2.9,92,2.5
2024-12-13,-5.7,87,5.28
2024-12-14,-9.8,79,5.75
2024-12-15,-11.9,84,4.56
2024-12-16,-2.4,91,4.36
2024-12-17,-2.3,91,5.06
2024-12-18,-6.4,88,2.98
2024-12-19,-6.7,88,2.88
2024-12-20,-9.2,87,4.17
2024-12-21,0.4,91,5.59
2024-12-22,0.1,94,2.91
2024-12-23,-3.5,92,4.09
2024-12-24,-11.0,85,2.69
2024-12-25,-12.8,87,1.18
2024-12-26,-6.8,91,2.23
2024-12-27,-1.1,93,4.55
2024-12-28,-2.8,94,2.49
2024-12-29,-5.6,94,2.19
2024-12-30,-8.1,89,4.31
2024-12-31,-1.8,91,4.43
2025-01-01,-4.6,85,5.16
2025-01-02,-1.1,89,5.99
2025-01-03,1.1,88,5.71
2025-01-04,-3.8,91,3.05
2025-01-05,-4.8,87,4.02
2025-01-06,-6.3,83,4.7
2025-01-07,-7.2,86,4.51
2025-01-08,0.2,92,4.95
2025-01-09,0.9,94,4.86
2025-01-10,-1.4,92,3.61
2025-01-11,0.3,96,4.54
2025-01-12,-2.6,93,4.16
2025-01-13,-4.1,92,3.09
2025-01-14,-3.1,89,5.26
2025-01-15,-2.9,89,4.6
2025-01-16,-7.4,83,4.03
2025-01-17,-5.7,91,2.83
2025-01-18,-2.9,94,2.18
2025-01-19,-0.2,94,3.37
2025-01-20,-2.4,88,5.58
2025-01-21,-9.0,74,7.47
2025-01-22,-17.0,71,2.84
2025-01-23,-12.9,72,6.14
2025-01-24,-11.1,80,4.42
2025-01-25,-14.5,84,1.79
2025-01-26,-8.0,87,3.17
2025-01-27,0.6,94,3.74
2025-01-28,1.5,93,4.9
2025-01-29,0.9,95,2.5
2025-01-30,0.5,94,2.47
2025-01-31,1.2,95,3.09
2025-02-01,0.7,94,2.93
2025-02-02,0.3,94,4.51
2025-02-03,-0.6,95,4.25
2025-02-04,-1.5,94,3.26
2025-02-05,-4.5,85,3.29
2025-02-06,-8.8,83,2.26
2025-02-07,-10.7,91,1.78
2025-02-08,-8.5,88,2.09
2025-02-09,-6.1,89,1.76
2025-02-10,-6.9,89,1.52
2025-02-11,-8.0,85,2.6
2025-02-12,-8.2,88,3.79
2025-02-13,-5.9,88,2.39
2025-02-14,-9.4,83,3.0
2025-02-15,-10.4,86,2.64
2025-02-16,-10.7,81,3.63
2025-02-17,-13.3,80,3.98
2025-02-18,-13.4,80,3.56
2025-02-19,-11.6,84,3.52
2025-02-20,-11.0,86,2.44
2025-02-21,-12.5,87,1.43
2025-02-22,-14.2,83,2.48
2025-02-23,-9.7,73,4.73
2025-02-24,-8.7,81,3.02
2025-02-25,-8.1,84,1.58
2025-02-26,-6.2,80,2.67
2025-02-27,-3.1,88,3.03
2025-02-28,-6.5,87,2.57
2025-03-01,-4.5,90,2.14
2025-03-02,-6.2,88,2.66
2025-03-03,-3.9,91,2.62
2025-03-04,-2.8,92,4.66
2025-03-05,-3.3,90,3.08
2025-03-06,-2.1,92,2.8
2025-03-07,-0.5,92,3.59
2025-03-08,-1.0,81,4.98
2025-03-09,0.4,81,5.35
2025-03-10,-1.3,81,3.16
2025-03-11,-0.9,85,5.12
2025-03-12,2.0,90,4.26
2025-03-13,2.3,94,3.17
2025-03-14,3.7,88,5.97
2025-03-15,4.0,75,3.67
2025-03-16,-1.2,85,2.53
2025-03-17,-1.6,74,1.38
2025-03-18,-1.7,76,2.86
2025-03-19,-3.0,63,2.27
2025-03-20,-0.0,69,4.31
2025-03-21,2.2,61,3.47
2025-03-22,-0.7,72,3.45
2025-03-23,-1.6,59,2.33
2025-03-24,1.8,55,2.04
2025-03-25,3.2,59,3.52
2025-03-26,5.0,65,5.08
2025-03-27,4.8,68,3.84
2025-03-28,5.0,66,2.73
2025-03-29,4.8,66,1.19
2025-03-30,5.2,65,1.32
2025-03-31,6.5,64,1.07
2025-04-01,8.4,59,2.73
2025-04-02,8.5,71,2.49
2025-04-03,5.2,68,3.94
2025-04-04,6.3,61,4.09
2025-04-05,6.1,62,2.94
2025-04-06,3.7,70,4.28
2025-04-07,5.2,83,2.52
2025-04-08,8.0,87,4.41
2025-04-09,2.9,58,6.05
2025-04-10,2.2,57,3.17
2025-04-11,4.1,61,2.2
2025-04-12,3.9,69,4.91
2025-04-13,2.4,78,2.1
2025-04-14,5.5,66,2.62
2025-04-15,9.7,53,4.15
2025-04-16,12.0,54,4.05
2025-04-17,11.7,55,2.43
2025-04-18,13.7,61,3.0
2025-04-19,16.8,60,3.2
2025-04-20,17.6,57,4.39
2025-04-21,19.4,37,4.45
2025-04-22,18.6,40,4.71
2025-04-23,13.1,63,3.33
2025-04-24,16.2,63,2.68
2025-04-25,14.5,76,2.89
2025-04-26,11.6,70,3.74
2025-04-27,3.4,64,4.3
2025-04-28,2.1,59,6.37
2025-04-29,6.6,54,4.57
2025-04-30,9.1,69,5.18
2025-05-01,6.4,72,2.62
2025-05-02,7.6,84,4.67
2025-05-03,7.1,78,4.21
2025-05-04,12.5,63,3.58
2025-05-05,17.4,59,4.91
2025-05-06,10.8,72,3.45
2025-05-07,8.8,61,1.36
2025-05-08,8.5,84,2.89
2025-05-09,10.2,78,2.0
2025-05-10,11.7,69,3.9
2025-05-11,10.3,64,4.61
2025-05-12,11.7,67,1.97
2025-05-13,14.5,58,2.35
2025-05-14,12.9,81,3.01
2025-05-15,12.1,70,4.77
2025-05-16,14.4,62,3.47
2025-05-17,16.3,69,1.78
2025-05-18,17.9,63,2.27
2025-05-19,16.8,74,2.62
2025-05-20,13.1,93,3.22
2025-05-21,14.4,74,3.8
2025-05-22,14.5,66,2.86
2025-05-23,13.9,65,1.69
2025-05-24,15.1,66,2.16
2025-05-25,14.7,60,1.6
2025-05-26,16.9,59,1.83
2025-05-27,19.2,53,2.3
2025-05-28,21.4,49,1.82
2025-05-29,23.6,47,2.0
2025-05-30,24.9,42,2.94
2025-05-31,25.7,47,3.86
2025-06-01,25.1,49,3.69
2025-06-02,14.8,85,6.25
2025-06-03,16.3,68,4.52
2025-06-04,17.1,71,1.67
2025-06-05,17.2,65,3.26
2025-06-06,17.8,63,1.0
2025-06-07,19.5,61,3.01
2025-06-08,22.9,64,2.28
2025-06-09,25.6,60,3.84
2025-06-10,26.6,54,3.93
2025-06-11,20.7,70,3.42
2025-06-12,20.2,72,3.01
2025-06-13,21.3,74,2.97
2025-06-14,20.1,76,2.57
2025-06-15,19.1,73,2.17
2025-06-16,17.7,78,1.87
2025-06-17,15.9,81,3.21
2025-06-18,15.9,72,2.78
2025-06-19,16.5,68,1.67
2025-06-20,17.4,69,1.68
2025-06-21,16.7,84,2.28
2025-06-22,15.0,69,3.56
2025-06-23,14.8,63,1.75
2025-06-24,16.3,62,1.62
2025-06-25,18.7,72,4.09
2025-06-26,18.3,75,2.79
2025-06-27,17.4,83,2.99
2025-06-28,15.6,77,5.12
2025-06-29,16.4,69,3.35
2025-06-30,16.0,83,4.04
2025-07-01,16.5,73,4.16
2025-07-02,15.1,83,3.38
2025-07-03,16.4,82,2.84
2025-07-04,19.5,77,3.52
2025-07-05,19.0,71,3.06
2025-07-06,17.0,65,3.65
2025-07-07,19.8,66,3.76
2025-07-08,22.2,68,2.71
2025-07-09,26.0,59,3.55
2025-07-10,28.0,53,1.79
2025-07-11,28.2,56,1.23
2025-07-12,25.2,61,2.54
2025-07-13,22.9,51,2.21
2025-07-14,22.4,50,1.57
2025-07-15,22.3,54,2.51
2025-07-16,19.0,56,2.35
2025-07-17,21.3,54,1.49
2025-07-18,18.6,59,3.22
2025-07-19,17.4,59,1.56
2025-07-20,20.5,60,1.77
2025-07-21,21.9,59,2.7
2025-07-22,24.1,63,1.29
2025-07-23,21.4,82,1.28
2025-07-24,21.4,77,2.54
2025-07-25,20.0,65,4.13
2025-07-26,17.0,59,3.19
2025-07-27,19.2,56,2.71
2025-07-28,21.2,50,3.6
2025-07-29,23.2,49,3.56
2025-07-30,23.9,49,3.18
2025-07-31,22.7,52,2.62
2025-08-01,23.7,55,2.56
2025-08-02,25.6,52,2.44
2025-08-03,25.5,57,1.89
2025-08-04,26.6,59,2.1
2025-08-05,25.0,68,3.54
2025-08-06,21.9,85,2.88
2025-08-07,23.3,78,2.65
2025-08-08,21.2,78,3.89
2025-08-09,19.4,66,2.77
2025-08-10,18.6,77,1.37
2025-08-11,18.8,72,2.53
2025-08-12,17.9,82,1.97
2025-08-13,19.2,75,2.7
2025-08-14,18.3,82,3.55
2025-08-15,18.8,73,3.63
2025-08-16,17.2,69,3.07
2025-08-17,19.0,72,2.49
2025-08-18,18.7,79,2.53
2025-08-19,14.4,88,4.56
2025-08-20,16.3,78,4.5
2025-08-21,18.0,73,2.83
2025-08-22,16.4,73,2.48
2025-08-23,18.9,74,4.57
2025-08-24,20.1,72,4.73
2025-08-25,15.8,72,2.72
2025-08-26,15.6,74,3.05
2025-08-27,14.3,80,3.37
2025-08-28,14.3,72,4.46
2025-08-29,14.8,69,4.21
2025-08-30,15.4,87,2.76
2025-08-31,21.0,69,3.86
2025-09-01,20.7,71,2.09
2025-09-02,20.0,72,4.12
2025-09-03,16.3,86,3.36
2025-09-04,15.2,82,4.34
2025-09-05,14.9,79,4.35
2025-09-06,17.9,78,4.75
2025-09-07,17.0,77,3.41
2025-09-08,16.9,75,2.49
2025-09-09,12.8,73,3.59
2025-09-10,13.2,76,2.51
2025-09-11,13.1,78,3.52
2025-09-12,10.5,71,3.18
2025-09-13,11.0,75,1.25
2025-09-14,11.8,77,0.89
2025-09-15,12.4,75,0.81
2025-09-16,12.5,76,0.67
2025-09-17,13.5,76,1.24
2025-09-18,14.4,76,1.13
2025-09-19,15.9,64,3.23
2025-09-20,15.0,68,2.94
2025-09-21,14.2,80,3.79
2025-09-22,17.1,80,2.93
2025-09-23,20.0,68,4.57
2025-09-24,12.2,82,2.52
2025-09-25,7.9,71,3.94
2025-09-26,8.0,75,3.7
2025-09-27,7.2,79,2.87
2025-09-28,6.5,77,3.49
2025-09-29,4.6,71,2.81
2025-09-30,4.2,79,2.32
2025-10-01,7.4,78,2.97
2025-10-02,7.3,77,1.97
2025-10-03,8.3,71,1.18
2025-10-04,7.5,73,2.12
2025-10-05,8.2,74,3.19
2025-10-06,9.1,64,3.16
2025-10-07,9.9,74,1.29
2025-10-08,8.3,78,1.28
2025-10-09,9.5,75,1.69
2025-10-10,11.5,51,3.33
2025-10-11,11.8,47,4.11
2025-10-12,8.2,81,5.71
2025-10-13,7.7,88,4.29
2025-10-14,7.2,80,3.45
2025-10-15,5.1,84,3.17
2025-10-16,4.7,89,2.1
2025-10-17,5.0,85,2.66
2025-10-18,6.8,92,3.1
2025-10-19,4.5,87,1.97
2025-10-20,5.5,83,3.21
2025-10-21,6.6,89,4.88
2025-10-22,5.9,91,3.96
2025-10-23,5.1,93,1.98
2025-10-24,4.7,89,2.26
2025-10-25,5.4,81,3.32
2025-10-26,4.5,86,3.36
2025-10-27,5.5,93,1.86
2025-10-28,7.1,94,5.06
2025-10-29,7.0,91,2.99
2025-10-30,4.6,94,2.02
2025-10-31,4.7,84,2.04
2025-11-01,3.8,87,3.16
2025-11-02,2.1,81,2.47
2025-11-03,-0.2,86,2.1
2025-11-04,2.8,85,5.9
2025-11-05,5.8,88,4.48
2025-11-06,6.5,83,5.15
2025-11-07,7.1,91,4.16
2025-11-08,6.3,93,4.27
2025-11-09,3.5,84,3.23
2025-11-10,4.5,88,3.95
2025-11-11,3.3,89,2.12
2025-11-12,-1.4,91,1.37
2025-11-13,1.5,95,4.26
2025-11-14,6.5,85,5.44
2025-11-15,4.6,91,6.07
2025-11-16,-1.2,76,3.81
2025-11-17,-1.8,83,4.36
2025-11-18,5.3,95,6.3
2025-11-19,3.7,77,5.06
2025-11-20,0.3,74,1.97
2025-11-21,-0.3,82,3.16
2025-11-22,4.4,97,4.35
2025-11-23,2.0,92,2.56
2025-11-24,1.4,89,4.17
2025-11-25,3.4,83,4.63
2025-11-26,0.8,86,2.64
2025-11-27,1.2,96,2.38
2025-11-28,2.2,95,4.11
2025-11-29,4.5,99,1.3
2025-11-30,4.0,94,2.51
2025-12-01,2.0,92,0.82
2025-12-02,1.6,91,1.8
2025-12-03,1.1,91,2.72
2025-12-04,0.9,88,2.78
2025-12-05,0.1,84,0.7
2025-12-06,0.1,90,1.19
2025-12-07,1.3,98,2.59
2025-12-08,-9.2,70,3.34
2025-12-09,-9.1,77,4.6
2025-12-10,-4.8,79,5.6
2025-12-11,-3.3,86,4.56
2025-12-12,-0.2,93,4.37
2025-12-13,-6.5,84,5.88
2025-12-14,-13.3,77,6.99
2025-12-15,-10.6,79,6.77
2025-12-16,-10.9,83,3.71
2025-12-17,-5.7,90,2.24
2025-12-18,-2.3,94,3.7
2025-12-19,0.0,92,4.53
2025-12-20,-4.7,90,3.16
2025-12-21,-1.4,93,4.85
2025-12-22,-3.3,91,3.15
2025-12-23,-10.2,85,3.7
2025-12-24,-23.0,78,3.14
2025-12-25,-13.8,85,2.92
2025-12-26,-6.4,87,5.37
2025-12-27,-7.2,89,3.84
2025-12-28,-8.7,88,1.93
2025-12-29,-11.1,87,1.93
2025-12-30,-8.5,88,4.07
2025-12-31,-6.1,86,4.93
2026-01-01,-9.9,82,4.62
2026-01-02,-11.8,82,3.57
2026-01-03,-8.7,85,7.1
2026-01-04,-3.5,86,7.57
2026-01-05,-4.5,88,3.81
2026-01-06,-6.1,87,4.25
2026-01-07,-8.0,90,3.98
2026-01-08,-2.6,94,5.39
2026-01-09,-4.6,92,3.47
2026-01-10,-9.1,87,2.52
2026-01-11,-8.5,87,1.07
2026-01-12,-4.2,90,4.18
2026-01-13,-2.4,88,5.29
2026-01-14,-6.8,78,4.64
2026-01-15,-12.0,67,3.98
2026-01-16,-15.2,66,2.9
2026-01-17,-17.5,75,0.94
2026-01-18,-12.9,76,4.05
2026-01-19,-6.6,89,3.43
2026-01-20,-5.5,90,2.4
2026-01-21,-7.5,90,1.93
2026-01-22,-16.0,81,3.06
2026-01-23,-22.0,79,1.51
2026-01-24,-26.1,78,0.39
2026-01-25,-22.8,79,1.16
2026-01-26,-21.3,79,1.77
2026-01-27,-14.4,77,5.06
2026-01-28,-11.1,81,4.27
2026-01-29,-7.2,89,5.25
2026-01-30,-6.8,88,3.63
2026-01-31,-12.1,83,4.77
2026-02-01,-7.5,87,5.77
2026-02-02,-13.4,81,4.15
2026-02-03,-22.4,75,1.2
2026-02-04,-24.2,77,3.17
2026-02-05,-15.7,80,4.62
2026-02-06,-15.6,78,3.46
2026-02-07,-11.2,83,4.07
2026-02-08,-9.3,87,2.83
2026-02-09,-14.7,79,4.49
2026-02-10,-12.9,80,2.34
2026-02-11,-12.4,80,3.89
2026-02-12,-10.8,75,6.16
2026-02-13,-4.4,88,5.84
2026-02-14,-3.9,91,5.59
2026-02-15,-4.2,91,4.66
2026-02-16,-6.1,87,3.95
2026-02-17,-5.7,83,5.34
2026-02-18,-15.2,82,1.51
2026-02-19,-15.3,77,3.48
2026-02-20,-8.8,75,5.11
2026-02-21,-9.3,81,3.67
2026-02-22,-14.2,85,3.08
2026-02-23,-5.7,73,5.25
2026-02-24,-9.9,79,4.41
2026-02-25,-10.9,83,3.66
2026-02-26,-7.8,86,2.31
2026-02-27,-5.6,90,1.53
2026-02-28,-2.0,92,2.88
2026-03-01,0.1,93,2.52
2026-03-02,-0.0,91,3.08
2026-03-03,-0.3,95,3.64
2026-03-04,-6.9,81,3.4
2026-03-05,-8.0,85,4.18
2026-03-06,-11.1,81,3.5
2026-03-07,-8.4,80,4.9
2026-03-08,-14.5,68,6.27
2026-03-09,-20.8,66,3.33
2026-03-10,-16.6,76,4.16
2026-03-11,-1.9,83,3.44
2026-03-12,0.9,82,3.44
2026-03-13,1.0,83,2.02
2026-03-14,1.4,82,2.0
2026-03-15,1.0,82,1.09
2026-03-16,0.7,83,1.21
2026-03-17,0.3,77,1.1
2026-03-18,1.0,76,1.21
2026-03-19,0.3,76,1.14
2026-03-20,-1.3,89,2.67
2026-03-21,0.3,83,1.95
2026-03-22,0.9,81,2.72
2026-03-23,1.6,78,2.11
2026-03-24,0.9,78,1.61
2026-03-25,1.8,74,0.78
2026-03-26,1.8,77,1.67
2026-03-27,3.8,83,2.73
2026-03-28,3.2,76,1.36
2026-03-29,3.7,78,2.38
2026-03-30,4.0,78,2.37
2026-03-31,4.2,77,2.84
2026-04-01,4.3,77,2.07
2026-04-02,4.5,88,2.9
2026-04-03,4.6,95,3.3
2026-04-04,3.7,83,2.61
2026-04-05,3.4,82,2.81
2026-04-06,2.4,93,4.56
2026-04-07,4.5,86,2.81
2026-04-08,4.2,77,1.62
2026-04-09,5.2,88,6.03
2026-04-10,1.5,89,3.46
2026-04-11,2.2,80,1.54
2026-04-12,5.1,70,3.24
2026-04-13,5.9,77,4.34
2026-04-14,11.1,73,4.89
2026-04-15,9.6,49,4.72
2026-04-16,8.4,56,2.57
2026-04-17,10.8,59,3.98
2026-04-18,10.3,77,3.49
2026-04-19,7.1,86,3.13
2026-04-20,4.6,95,5.97
2026-04-21,2.8,86,4.38
2026-04-22,1.8,71,3.36
2026-04-23,5.6,63,3.72
2026-04-24,7.5,64,4.58
2026-04-25,4.3,77,4.22
2026-04-26,6.5,70,3.64
2026-04-27,7.4,74,6.95
2026-04-28,4.3,67,6.57
2026-04-29,4.6,65,4.73
2026-04-30,5.1,72,2.13
2026-05-01,5.5,72,2.01
2026-05-02,7.0,58,2.62
2026-05-03,9.2,57,2.08
2026-05-04,13.2,61,2.11
2026-05-05,17.6,58,2.61
2026-05-06,19.5,55,1.8
2026-05-07,18.3,54,2.84
2026-05-08,19.6,50,4.06
2026-05-09,10.9,46,4.93
2026-05-10,8.4,48,2.34
2026-05-11,11.2,51,4.41
2026-05-12,15.6,65,3.56
2026-05-13,17.4,64,4.14
2026-05-14,18.5,55,4.67
2026-05-15,21.9,41,3.96
2026-05-16,23.1,39,4.34
2026-05-17,23.7,34,2.82
2026-05-18,24.3,35,2.69
2026-05-19,25.0,33,2.57
2026-05-20,24.1,42,3.17
2026-05-21,20.7,39,2.84
2026-05-22,21.8,40,1.92
2026-05-23,23.0,44,3.35
2026-05-24,21.0,51,2.9
2026-05-25,19.7,60,2.57
2026-05-26,16.0,77,2.41
2026-05-27,12.3,83,3.03
2026-05-28,13.1,68,1.79
2026-05-29,11.3,90,3.05
2026-05-30,13.2,72,1.14
2026-05-31,13.4,80,1.42
2026-06-01,15.6,67,2.01
2026-06-02,13.8,84,2.08
2026-06-03,13.8,75,2.27
2026-06-04,16.6,72,1.27
2026-06-05,16.1,75,3.35
2026-06-06,16.7,66,3.33
2026-06-07,18.8,55,2.88
2026-06-08,20.1,61,2.18
2026-06-09,20.8,57,3.0
2026-06-10,21.4,52,2.86
2026-06-11,21.2,60,2.77
2026-06-12,21.0,61,3.9
2026-06-13,21.2,64,3.11
2026-06-14,21.3,67,1.71
2026-06-15,22.2,66,1.28
2026-06-16,20.8,63,3.9
2026-06-17,18.8,65,3.03
2026-06-18,17.7,75,3.12
2026-06-19,17.9,80,2.86
2026-06-20,17.2,88,1.86
2026-06-21,18.4,75,2.69
2026-06-22,18.5,82,4.04
2026-06-23,18.7,87,4.01
2026-06-24,18.0,69,4.38
2026-06-25,17.3,68,2.06
2026-06-26,16.0,77,2.32
2026-06-27,14.0,72,4.51
2026-06-28,12.0,87,5.17
2026-06-29,15.5,74,3.18
2026-06-30,18.7,69,5.51
2026-07-01,20.1,64,3.7
2026-07-02,21.2,60,2.86
2026-07-03,22.5,66,1.87
2026-07-04,23.4,59,1.94
2026-07-05,24.8,62,3.98
2026-07-06,22.5,69,2.87
2026-07-07,21.7,64,2.66
2026-07-08,21.9,59,1.39
2026-07-09,23.3,59,1.18
2026-07-10,24.3,63,2.04
2026-07-11,24.1,62,3.32
2026-07-12,21.5,78,1.52
2026-07-13,21.3,69,2.26
2026-07-14,19.9,79,2.18
2026-07-15,19.9,80,2.95
2026-07-16,19.3,84,2.76
2026-07-17,15.4,83,5.84
2026-07-18,17.3,74,4.94
2026-07-19,21.2,70,3.57
2026-07-20,22.8,67,2.54
2026-07-21,23.7,64,1.38
2026-07-22,25.1,61,2.01
2026-07-23,22.8,77,2.54
2026-07-24,22.4,83,2.1
2026-07-25,24.5,76,2.94
2026-07-26,28.2,59,4.29
2026-07-27,27.9,56,4.85
2026-07-28,23.5,66,3.14
2026-07-29,24.7,61,2.24
2026-07-30,19.2,80,2.51
2026-07-31,17.5,82,2.16
2026-08-01,20.0,76,3.56
2026-08-02,22.0,67,4.3
2026-08-03,21.7,77,2.84
2026-08-04,20.6,61,2.53
2026-08-05,20.8,62,2.4
2026-08-06,21.6,67,1.7
2026-08-07,24.1,65,2.72
2026-08-08,23.1,78,2.58
2026-08-09,19.6,85,1.88
2026-08-10,18.2,68,3.6
2026-08-11,18.6,69,1.08
2026-08-12,19.6,73,3.53
2026-08-13,15.8,78,3.5
2026-08-14,11.5,80,4.43
2026-08-15,10.9,88,3.38
2026-08-16,11.7,87,3.55
2026-08-17,14.5,86,2.33
2026-08-18,17.2,83,1.2
2026-08-19,19.3,81,2.01
2026-08-20,19.4,79,2.85
2026-08-21,17.5,83,2.68
2026-08-22,18.3,76,3.49
2026-08-23,19.1,75,2.48
2026-08-24,19.6,83,4.13
2026-08-25,18.2,80,2.41
2026-08-26,16.0,82,3.51
2026-08-27,14.9,76,3.97
2026-08-28,11.5,69,2.48
2026-08-29,11.8,67,3.54
2026-08-30,12.2,71,1.76
2026-08-31,13.9,80,1.72
2026-09-01,16.4,78,1.37
2026-09-02,18.3,75,2.63
2026-09-03,18.2,65,2.64
2026-09-04,17.5,81,1.57
2026-09-05,18.3,76,3.67
2026-09-06,16.8,85,3.54
2026-09-07,14.8,82,1.85
2026-09-08,13.9,91,4.3
2026-09-09,12.9,87,3.53
2026-09-10,12.4,80,2.26
2026-09-11,13.5,80,2.45
2026-09-12,13.4,82,3.6
2026-09-13,13.3,79,3.3
2026-09-14,14.1,74,2.32
2026-09-15,13.9,79,1.4
2026-09-16,13.6,89,3.81
2026-09-17,12.8,78,2.09
2026-09-18,13.4,79,1.63
2026-09-19,14.9,78,2.1
2026-09-20,14.8,83,1.56
2026-09-21,16.2,81,2.31
2026-09-22,17.2,77,2.17
2026-09-23,18.0,68,3.21
2026-09-24,18.1,70,3.76
2026-09-25,17.3,74,3.55
2026-09-26,16.0,78,2.38
2026-09-27,15.8,79,1.59
2026-09-28,14.6,82,1.97
